Tanggal,Aktual,Prediksi
2015-01-01,80539.0,0.0
2015-02-01,25099.0,65467.38550712041
2015-03-01,26869.0,51724.139188803
2015-04-01,22654.0,34158.82024739217
2015-05-01,51052.0,24592.534879087085
2015-06-01,63489.0,35970.76935374155
2015-07-01,961.0,52405.98552162266
2015-08-01,35497.0,33743.22306170391
2015-09-01,7904.0,25700.79872978959
2015-10-01,23171.0,17892.373576272057
2015-11-01,16234.0,18883.07519776416
2015-12-01,36611.0,17751.457877995028
2016-01-01,18634.0,77086.33459375228
2016-02-01,14063.0,4607.850363828584
2016-03-01,16413.0,1145.3427157123333
2016-04-01,21216.0,5334.256999588992
2016-05-01,21010.0,41474.97694943288
2016-06-01,3213.0,44931.04780466175
2016-07-01,26107.0,-32077.343320526386
2016-08-01,18208.0,17159.951077470276
2016-09-01,20350.0,3233.6480314676355
2016-10-01,24611.0,24901.287325278892
2016-11-01,14316.0,19553.43540138843
2016-12-01,26419.0,36084.42980614702
2017-01-01,19716.0,20647.787826187938
2017-02-01,16211.0,8478.857623601038
2017-03-01,19571.0,14124.85339768013
2017-04-01,25785.0,21650.150297254484
2017-05-01,23281.0,27342.392743484357
2017-06-01,12123.0,11747.368184101379
2017-07-01,18496.0,24242.61935999099
2017-08-01,17686.0,18746.67047274
2017-09-01,24312.0,16193.467439788526
2017-10-01,27427.0,25060.033142754397
2017-11-01,25296.0,17651.039460827327
2017-12-01,26917.0,34365.19520244
2018-01-01,17019.0,24127.615495851962
2018-02-01,17364.0,16224.311432631293
2018-03-01,21312.0,18669.540193978944
2018-04-01,31095.0,26351.70622253272
2018-05-01,21649.0,26652.32273564707
2018-06-01,26183.0,13191.601262522981
2018-07-01,19583.0,26342.427316581947
2018-08-01,22501.0,23759.312477792886
2018-09-01,27795.0,28360.72298982925
2018-10-01,32515.0,30794.7685436171
2018-11-01,28709.0,28739.24657766308
2018-12-01,28259.0,31724.40925193302
2019-01-01,19002.0,20686.86834946661
2019-02-01,17604.0,19257.893652044088
2019-03-01,19347.0,22170.520401583148
2019-04-01,27359.0,30118.01325088129
2019-05-01,4139.0,19809.341617752096
2019-06-01,38473.0,15252.186448701745
2019-07-01,19893.0,17882.553662343445
2019-08-01,15216.0,25050.727907440443
2019-09-01,22474.0,26773.902710276412
2019-10-01,24670.0,27101.93498062837
2019-11-01,29821.0,22090.12546830358
2019-12-01,39796.0,25052.96108892453
2021-01-01,3522.0,29532.337446760925
2021-02-01,3641.0,7165.127253810419
2021-03-01,3582.0,4829.890439160948
2021-04-01,3471.0,10654.509551959516
2021-05-01,3541.0,-15248.330693557196
2021-06-01,2641.0,21496.163436446514
2021-07-01,2367.25,-1904.0296002723949
2021-08-01,2093.5,-8121.0382162424285
2021-09-01,1819.75,2243.0116733078535
2021-10-01,1546.0,5576.911408052008
2021-11-01,1647.0,6286.125864950052
2021-12-01,1789.0,11541.84104719616
2022-01-01,19254.0,-14751.079339772079
2022-02-01,17224.0,5579.403458481498
2022-03-01,19426.0,14517.15616261068
