Tanggal,Aktual,SARIMA,FTS_calibrated,Prediksi,n_intervals,alpha
2022-04-01,5000.0,18409.234058848895,17472.129007608957,18381.120907311695,11,0.97
2022-05-01,11460.0,10683.735261718442,11943.204972738866,10721.519353049054,11,0.97
2022-06-01,13600.0,9791.108413244348,15102.590135521776,9950.452864912671,11,0.97
2022-07-01,14210.0,9898.124143233956,15892.436426217502,10077.95351172346,11,0.97
2022-08-01,12880.0,12019.731588191722,15892.436426217502,12135.912733332496,11,0.97
2022-09-01,13265.0,12576.337731572778,15892.436426217502,12675.820692412119,11,0.97
2022-10-01,12540.0,12644.747155412024,15365.872232420352,12726.380907722274,11,0.97
2022-11-01,11224.0,12546.567627167782,15908.003253118834,12647.410695946313,11,0.97
2022-12-01,19200.0,12479.418227725702,14371.665679549842,12536.185651280426,11,0.97
2023-01-01,11200.0,29225.520158250638,13875.72555643006,28765.02632019602,11,0.97
2023-02-01,11900.0,21164.156089954675,17486.901716015513,21053.8384587365,11,0.97
2023-03-01,11100.0,15607.621389494912,14512.991937533374,15574.782505936066,11,0.97
2023-04-01,1225.0,686.6862327222225,16140.930031681588,1150.313546691004,11,0.97
2023-05-01,11100.0,5806.735617183428,10209.894593365125,5938.830386468879,11,0.97
2023-06-01,12657.0,9759.066894583004,13809.555743804302,9880.581560059642,11,0.97
2023-07-01,12565.0,12448.052277067643,14142.297530819687,12498.879634680205,11,0.97
2023-08-01,11516.0,11734.83063832289,14350.261147704303,11813.293553604333,11,0.97
2023-09-01,12450.0,11801.313835464935,14488.903558960716,11881.941527169809,11,0.97
2023-10-01,13650.0,11426.785037686866,14585.953246840203,11521.560083961467,11,0.97
2023-11-01,12005.0,11501.172361547606,15768.194899190325,11629.183037676888,11,0.97
2023-12-01,12100.0,18546.719709627516,14753.584525904771,18432.925654115836,11,0.97
2024-01-01,12570.0,12742.442188720717,15139.628070179126,12814.357765164468,11,0.97
2024-02-01,19650.0,11318.848593030805,15121.332319539899,11432.923104826077,11,0.97
2024-03-01,5200.0,15066.245480381895,18358.831508403026,15165.023061222528,11,0.97
2024-04-01,19550.0,1514.2779007226345,11847.458864996182,1824.2733296508413,11,0.97
2024-05-01,16657.0,15452.277657576884,12061.43554680414,15350.552394253702,11,0.97
2024-06-01,19355.0,21721.659824923096,17168.048165590633,21585.051475143122,11,0.97
2024-07-01,20397.0,20832.02418081648,15465.843959328467,20671.03877417184,11,0.97
2024-08-01,21546.0,18505.8312719408,17224.399012663867,18467.38830416249,11,0.97
2024-09-01,19010.0,20821.292817998903,19323.214633918134,20776.350472476483,11,0.97
2024-10-01,22354.0,21522.687607693668,17397.66241871004,21398.93685202416,11,0.97
2024-11-01,21852.0,19792.283149224906,18182.051455630477,19743.976198417076,11,0.97
2024-12-01,22892.0,22377.632454158527,19192.41859467659,22282.076038374067,11,0.97
